"supplier_name","total_cost"
"Supplier 1","419066.4801231"
"Supplier 2","249273.1845560"
"Supplier 3","105480.0228420"
"Supplier 4","169066.5753096"
"Supplier 5","173671.3643778"
